Comment,Designator,Footprint,LCSC Part #
100n,C1,C_0402_1005Metric,C1525
2.2n,"C2,C3,C6",C_0402_1005Metric,C385029
2.2u,"C4,C10",C_0402_1005Metric,C107369
1u,C5,C_0603_1608Metric,C15849
0.1u,C7,C_0603_1608Metric,C14663
10uf,"C8,C9,C13",C_0603_1608Metric,C19702
0.1u,"C11,C12,C14",C_0402_1005Metric,C1525
ESD5Z5.0,D1,D_SOD-523,C82044
LineOutJack,J2,Jack_3.5mm_KoreanHropartsElec_PJ-320D-4A_Horizontal,C95562
RIJack,J4,Jack_3.5mm_KoreanHropartsElec_PJ-320D-4A_Horizontal,C95562
3.9k,"R1,R2",R_0402_1005Metric,C131467
470,"R3,R4",R_0402_1005Metric,C25117
10k,R5,R_0402_1005Metric,C25744
20k,R6,R_0402_1005Metric,C25765
22,"R7,R8,R9",R_0402_1005Metric,C25092
100,R12,R_0402_1005Metric,C25076
CAT24C256,U1,TSSOP-8_4.4x3mm_P0.65mm,C146734
PCM5102A,U2,TSSOP-20_4.4x6.5mm_P0.65mm,C107671
XC6206P332MR,U3,SOT-23-3,C5446
