Designator,Mid X,Mid Y,Layer,Rotation
J1,132.5000mm,-73.5000mm,Bottom,270
C1,120.2000mm,-83.7000mm,Top,180
C2,143.0000mm,-89.9800mm,Top,270
C3,143.0000mm,-88.0200mm,Top,270
C4,146.0000mm,-86.5200mm,Top,90
C5,137.0000mm,-79.7750mm,Top,90
C6,151.4900mm,-79.9900mm,Top,90
C7,147.6500mm,-84.0000mm,Top,0
C8,144.0000mm,-81.7750mm,Top,90
C9,148.5000mm,-80.7250mm,Top,270
C10,143.0000mm,-85.4800mm,Top,90
C11,154.0000mm,-83.8500mm,Top,90
C12,155.0200mm,-83.8500mm,Top,90
C13,156.3500mm,-84.4500mm,Top,270
C14,146.2000mm,-90.6000mm,Top,0
J2,135.0000mm,-91.2000mm,Top,90
J4,120.5000mm,-91.2000mm,Top,90
R1,122.2000mm,-80.0500mm,Top,0
R2,119.6000mm,-80.0500mm,Top,180
R3,145.9900mm,-88.5000mm,Top,180
R4,145.9900mm,-89.5000mm,Top,0
R5,153.4900mm,-78.9800mm,Top,270
R6,152.4900mm,-80.0000mm,Top,270
R7,156.5000mm,-77.5000mm,Top,270
R8,157.5000mm,-77.5000mm,Top,270
R9,156.4900mm,-90.0000mm,Top,180
R11,131.5100mm,-82.0000mm,Top,180
U1,125.1000mm,-82.4500mm,Top,180
U2,151.1375mm,-88.3750mm,Top,0
U3,140.5500mm,-80.0000mm,Top,90
