"Reference","Value","Datasheet","Footprint","Qty","DNP"
"C2,C3,C6","2.2n","~","Capacitor_SMD:C_0402_1005Metric","3",""
"C4,C10","2.2u","~","Capacitor_SMD:C_0402_1005Metric","2",""
"C5","1u","~","Capacitor_SMD:C_0603_1608Metric","1",""
"C7,C11,C12","0.1u","~","Capacitor_SMD:C_0603_1608Metric","3",""
"C8,C9,C13","10uf","~","Capacitor_SMD:C_0603_1608Metric","3",""
"J1","GPIO","","Connector_PinSocket_2.54mm:PinSocket_2x20_P2.54mm_Vertical","1",""
"J2","LineOutJack","~","Connector_Audio:Jack_3.5mm_KoreanHropartsElec_PJ-320D-4A_Horizontal","1",""
"J4","RIJack","~","Connector_Audio:Jack_3.5mm_KoreanHropartsElec_PJ-320D-4A_Horizontal","1",""
"R3,R4","470","~","Resistor_SMD:R_0402_1005Metric","2",""
"R5","10k","~","Resistor_SMD:R_0402_1005Metric","1",""
"R6","20k","~","Resistor_SMD:R_0402_1005Metric","1",""
"R7,R8,R9,R10","22","~","Resistor_SMD:R_0402_1005Metric","4",""
"R11","0","~","Resistor_SMD:R_0402_1005Metric","1",""
"U2","PCM5102A","https://www.ti.com/lit/ds/symlink/pcm5102a.pdf","Package_SO:TSSOP-20_4.4x6.5mm_P0.65mm","1",""
"U3","XC6206P332MR","https://www.torexsemi.com/file/xc6206/XC6206.pdf","Package_TO_SOT_SMD:SOT-23-3","1",""
